date,daily_pnl,cum
2023-06-07 00:00:00+00:00,0.00014005000000000002,0.00014005000000000002
2023-06-08 00:00:00+00:00,0.00012605,0.0002661
2023-06-09 00:00:00+00:00,0.00018908,0.00045518
2023-06-10 00:00:00+00:00,0.00014973,0.00060491
2023-06-11 00:00:00+00:00,0.00013571999999999998,0.0007406299999999999
2023-06-12 00:00:00+00:00,0.00015349,0.00089412
2023-06-13 00:00:00+00:00,0.00022683000000000002,0.00112095
2023-06-14 00:00:00+00:00,8.815e-05,0.0012090999999999998
2023-06-15 00:00:00+00:00,9.615e-05,0.0013052499999999998
2023-06-16 00:00:00+00:00,4.988e-05,0.0013551299999999997
2023-06-17 00:00:00+00:00,0.00027411,0.0016292399999999997
2023-06-18 00:00:00+00:00,0.00018644,0.0018156799999999996
2023-06-19 00:00:00+00:00,0.00017127,0.0019869499999999995
2023-06-20 00:00:00+00:00,1.3049999999999999e-05,0.0019999999999999996
2023-06-21 00:00:00+00:00,0.00018846,0.0021884599999999997
2023-06-22 00:00:00+00:00,0.00029236,0.00248082
2023-06-23 00:00:00+00:00,0.00030000000000000003,0.00278082
2023-06-24 00:00:00+00:00,0.00030000000000000003,0.0030808199999999997
2023-06-25 00:00:00+00:00,0.00030000000000000003,0.0033808199999999997
2023-06-26 00:00:00+00:00,0.00030000000000000003,0.0036808199999999996
2023-06-27 00:00:00+00:00,0.00030000000000000003,0.0039808199999999995
2023-06-28 00:00:00+00:00,0.000239,0.004219819999999999
2023-06-29 00:00:00+00:00,0.00025874000000000003,0.0044785599999999995
2023-06-30 00:00:00+00:00,0.00030000000000000003,0.004778559999999999
2023-07-01 00:00:00+00:00,0.00030000000000000003,0.005078559999999999
2023-07-02 00:00:00+00:00,0.00030000000000000003,0.005378559999999999
2023-07-03 00:00:00+00:00,0.00030000000000000003,0.005678559999999999
2023-07-04 00:00:00+00:00,0.00030000000000000003,0.005978559999999999
2023-07-05 00:00:00+00:00,0.00030000000000000003,0.006278559999999999
2023-07-06 00:00:00+00:00,0.00019212,0.006470679999999999
2023-07-07 00:00:00+00:00,4.2609999999999994e-05,0.006513289999999999
2023-07-08 00:00:00+00:00,8.074e-05,0.006594029999999999
2023-07-09 00:00:00+00:00,0.00018680999999999998,0.006780839999999999
2023-07-10 00:00:00+00:00,5.663e-05,0.006837469999999999
2023-07-11 00:00:00+00:00,0.00020229,0.007039759999999999
2023-07-12 00:00:00+00:00,0.0001817,0.007221459999999999
2023-07-13 00:00:00+00:00,5.514e-05,0.007276599999999999
2023-07-14 00:00:00+00:00,0.00030000000000000003,0.007576599999999999
2023-07-15 00:00:00+00:00,-1.3220000000000002e-05,0.007563379999999999
2023-07-16 00:00:00+00:00,0.00014348,0.0077068599999999985
2023-07-17 00:00:00+00:00,0.00015324000000000002,0.007860099999999998
2023-07-18 00:00:00+00:00,0.00018258,0.008042679999999998
2023-07-19 00:00:00+00:00,0.00022914000000000002,0.008271819999999997
2023-07-20 00:00:00+00:00,0.00017856,0.008450379999999997
2023-07-21 00:00:00+00:00,7.371e-05,0.008524089999999996
2023-07-22 00:00:00+00:00,3.316e-05,0.008557249999999997
2023-07-23 00:00:00+00:00,0.0002228,0.008780049999999998
2023-07-24 00:00:00+00:00,0.00024338000000000002,0.009023429999999997
2023-07-25 00:00:00+00:00,0.0002408,0.009264229999999997
2023-07-26 00:00:00+00:00,0.00025219,0.009516419999999996
2023-07-27 00:00:00+00:00,9.842e-05,0.009614839999999996
2023-07-28 00:00:00+00:00,0.00021048,0.009825319999999997
2023-07-29 00:00:00+00:00,0.00022097000000000002,0.010046289999999996
2023-07-30 00:00:00+00:00,0.00018068,0.010226969999999997
2023-07-31 00:00:00+00:00,0.0001797,0.010406669999999996
2023-08-01 00:00:00+00:00,0.00023068,0.010637349999999997
2023-08-02 00:00:00+00:00,0.00030000000000000003,0.010937349999999997
2023-08-03 00:00:00+00:00,0.00030000000000000003,0.011237349999999997
2023-08-04 00:00:00+00:00,0.00028116,0.011518509999999997
2023-08-05 00:00:00+00:00,0.00024181000000000002,0.011760319999999998
2023-08-06 00:00:00+00:00,0.00030000000000000003,0.012060319999999998
2023-08-07 00:00:00+00:00,0.00027669,0.012337009999999997
2023-08-08 00:00:00+00:00,0.0002508,0.012587809999999998
2023-08-09 00:00:00+00:00,0.00026514,0.012852949999999998
2023-08-10 00:00:00+00:00,0.00028277,0.013135719999999998
2023-08-11 00:00:00+00:00,0.00027123,0.013406949999999999
2023-08-12 00:00:00+00:00,0.00029305,0.013699999999999999
2023-08-13 00:00:00+00:00,0.00024637,0.013946369999999998
2023-08-14 00:00:00+00:00,0.00030000000000000003,0.014246369999999998
2023-08-15 00:00:00+00:00,0.00030000000000000003,0.014546369999999998
2023-08-16 00:00:00+00:00,0.00030000000000000003,0.014846369999999998
2023-08-17 00:00:00+00:00,0.00030000000000000003,0.015146369999999998
2023-08-18 00:00:00+00:00,0.0001512,0.015297569999999998
2023-08-19 00:00:00+00:00,-5.8819999999999996e-05,0.015238749999999999
2023-08-20 00:00:00+00:00,-7.626e-05,0.015162489999999999
2023-08-21 00:00:00+00:00,-3.6e-05,0.01512649
2023-08-22 00:00:00+00:00,8.12e-06,0.01513461
2023-08-23 00:00:00+00:00,2.9659999999999997e-05,0.01516427
2023-08-24 00:00:00+00:00,4.5839999999999995e-05,0.01521011
2023-08-25 00:00:00+00:00,7.361e-05,0.01528372
2023-08-26 00:00:00+00:00,0.0001125,0.01539622
2023-08-27 00:00:00+00:00,5.3070000000000005e-05,0.015449290000000001
2023-08-28 00:00:00+00:00,8.553e-05,0.015534820000000001
2023-08-29 00:00:00+00:00,-6.340999999999999e-05,0.015471410000000001
2023-08-30 00:00:00+00:00,0.00014543,0.015616840000000002
2023-08-31 00:00:00+00:00,0.00017873000000000002,0.015795570000000002
2023-09-01 00:00:00+00:00,0.00014805,0.015943620000000002
2023-09-02 00:00:00+00:00,4.917e-05,0.015992790000000003
2023-09-03 00:00:00+00:00,7.964e-05,0.016072430000000002
2023-09-04 00:00:00+00:00,3.1e-05,0.016103430000000002
2023-09-05 00:00:00+00:00,5.394e-05,0.01615737
2023-09-06 00:00:00+00:00,1.109e-05,0.01616846
2023-09-07 00:00:00+00:00,0.00014637,0.01631483
2023-09-08 00:00:00+00:00,-2.704e-05,0.01628779
2023-09-09 00:00:00+00:00,-4.011e-05,0.01624768
2023-09-10 00:00:00+00:00,5.8299999999999994e-05,0.01630598
2023-09-11 00:00:00+00:00,3.361e-05,0.01633959
2023-09-12 00:00:00+00:00,4.653e-05,0.01638612
2023-09-13 00:00:00+00:00,6.701e-05,0.01645313
2023-09-14 00:00:00+00:00,-8.590000000000004e-06,0.01644454
2023-09-15 00:00:00+00:00,4.159e-05,0.01648613
2023-09-16 00:00:00+00:00,-8.862e-05,0.01639751
2023-09-17 00:00:00+00:00,2.688e-05,0.01642439
2023-09-18 00:00:00+00:00,-6.703e-05,0.01635736
2023-09-19 00:00:00+00:00,-1.2600000000000001e-05,0.01634476
2023-09-20 00:00:00+00:00,-7.382000000000001e-05,0.01627094
2023-09-21 00:00:00+00:00,0.00011703,0.01638797
2023-09-22 00:00:00+00:00,3.1079999999999994e-05,0.01641905
2023-09-23 00:00:00+00:00,8.441e-05,0.01650346
2023-09-24 00:00:00+00:00,6.215999999999999e-05,0.01656562
2023-09-25 00:00:00+00:00,0.00012097,0.01668659
2023-09-26 00:00:00+00:00,5.009999999999994e-06,0.0166916
2023-09-27 00:00:00+00:00,0.00015396,0.016845560000000002
2023-09-28 00:00:00+00:00,-5.639e-05,0.016789170000000003
2023-09-29 00:00:00+00:00,-5.9850000000000005e-05,0.016729320000000002
2023-09-30 00:00:00+00:00,4.032e-05,0.016769640000000002
2023-10-01 00:00:00+00:00,-2.5869999999999998e-05,0.01674377
2023-10-02 00:00:00+00:00,5.0820000000000005e-05,0.01679459
2023-10-03 00:00:00+00:00,8.339e-05,0.01687798
2023-10-04 00:00:00+00:00,9.374000000000001e-05,0.01697172
2023-10-05 00:00:00+00:00,-0.00010376999999999999,0.01686795
2023-10-06 00:00:00+00:00,-2.819e-05,0.01683976
2023-10-07 00:00:00+00:00,7.056e-05,0.01691032
2023-10-08 00:00:00+00:00,6.451e-05,0.01697483
2023-10-09 00:00:00+00:00,0.00015345000000000002,0.01712828
2023-10-10 00:00:00+00:00,0.00012791000000000001,0.017256189999999998
2023-10-11 00:00:00+00:00,0.00020567,0.01746186
2023-10-12 00:00:00+00:00,0.00019965,0.01766151
2023-10-13 00:00:00+00:00,6.659e-05,0.017728099999999997
2023-10-14 00:00:00+00:00,4.772e-05,0.017775819999999998
2023-10-15 00:00:00+00:00,5.007e-05,0.017825889999999997
2023-10-16 00:00:00+00:00,0.00010183,0.017927719999999998
2023-10-17 00:00:00+00:00,-6.140000000000002e-06,0.017921579999999996
2023-10-18 00:00:00+00:00,-2.9149999999999997e-05,0.017892429999999997
2023-10-19 00:00:00+00:00,-0.00012658,0.017765849999999996
2023-10-20 00:00:00+00:00,-4.647000000000001e-05,0.017719379999999996
2023-10-21 00:00:00+00:00,8.616e-05,0.017805539999999995
2023-10-22 00:00:00+00:00,8.261e-05,0.017888149999999995
2023-10-23 00:00:00+00:00,0.00018488,0.018073029999999993
2023-10-24 00:00:00+00:00,0.00030000000000000003,0.018373029999999995
2023-10-25 00:00:00+00:00,0.00030000000000000003,0.018673029999999997
2023-10-26 00:00:00+00:00,0.00030000000000000003,0.01897303
2023-10-27 00:00:00+00:00,0.00030000000000000003,0.01927303
2023-10-28 00:00:00+00:00,0.00030000000000000003,0.01957303
2023-10-29 00:00:00+00:00,0.00030000000000000003,0.019873030000000003
2023-10-30 00:00:00+00:00,0.00030000000000000003,0.020173030000000005
2023-10-31 00:00:00+00:00,0.00030000000000000003,0.020473030000000007
2023-11-01 00:00:00+00:00,0.00030000000000000003,0.02077303000000001
2023-11-02 00:00:00+00:00,0.00030000000000000003,0.02107303000000001
2023-11-03 00:00:00+00:00,0.00030000000000000003,0.02137303000000001
2023-11-04 00:00:00+00:00,0.00030000000000000003,0.021673030000000013
2023-11-05 00:00:00+00:00,0.00030000000000000003,0.021973030000000015
2023-11-06 00:00:00+00:00,0.00030000000000000003,0.022273030000000017
2023-11-07 00:00:00+00:00,0.00030000000000000003,0.022573030000000018
2023-11-08 00:00:00+00:00,0.00030000000000000003,0.02287303000000002
2023-11-09 00:00:00+00:00,0.00040027,0.02327330000000002
2023-11-10 00:00:00+00:00,0.00031682,0.02359012000000002
2023-11-11 00:00:00+00:00,0.00041254999999999997,0.02400267000000002
2023-11-12 00:00:00+00:00,0.00066138,0.02466405000000002
2023-11-13 00:00:00+00:00,0.0006385200000000001,0.02530257000000002
2023-11-14 00:00:00+00:00,0.00048228,0.025784850000000022
2023-11-15 00:00:00+00:00,0.00030000000000000003,0.026084850000000024
2023-11-16 00:00:00+00:00,0.00037213000000000003,0.026456980000000026
2023-11-17 00:00:00+00:00,0.00030000000000000003,0.026756980000000027
2023-11-18 00:00:00+00:00,0.00030000000000000003,0.02705698000000003
2023-11-19 00:00:00+00:00,0.00030000000000000003,0.02735698000000003
2023-11-20 00:00:00+00:00,0.00030000000000000003,0.027656980000000032
2023-11-21 00:00:00+00:00,0.00030000000000000003,0.027956980000000034
2023-11-22 00:00:00+00:00,0.00030000000000000003,0.028256980000000036
2023-11-23 00:00:00+00:00,0.00030000000000000003,0.028556980000000037
2023-11-24 00:00:00+00:00,0.00030000000000000003,0.02885698000000004
2023-11-25 00:00:00+00:00,0.00030000000000000003,0.02915698000000004
2023-11-26 00:00:00+00:00,0.00030000000000000003,0.029456980000000042
2023-11-27 00:00:00+00:00,0.00030000000000000003,0.029756980000000044
2023-11-28 00:00:00+00:00,0.00030000000000000003,0.030056980000000046
2023-11-29 00:00:00+00:00,0.00030000000000000003,0.030356980000000047
2023-11-30 00:00:00+00:00,0.00030000000000000003,0.03065698000000005
2023-12-01 00:00:00+00:00,0.00030000000000000003,0.03095698000000005
2023-12-02 00:00:00+00:00,0.00025464,0.03121162000000005
2023-12-03 00:00:00+00:00,0.00030000000000000003,0.03151162000000005
2023-12-04 00:00:00+00:00,0.00030000000000000003,0.031811620000000054
2023-12-05 00:00:00+00:00,0.00030000000000000003,0.032111620000000056
2023-12-06 00:00:00+00:00,0.00030000000000000003,0.03241162000000006
2023-12-07 00:00:00+00:00,0.00030000000000000003,0.03271162000000006
2023-12-08 00:00:00+00:00,0.0005353000000000001,0.03324692000000006
2023-12-09 00:00:00+00:00,0.00058855,0.03383547000000006
2023-12-10 00:00:00+00:00,0.0006503,0.03448577000000006
2023-12-11 00:00:00+00:00,0.00034730000000000004,0.03483307000000006
2023-12-12 00:00:00+00:00,0.00030000000000000003,0.035133070000000065
2023-12-13 00:00:00+00:00,0.00034672,0.03547979000000007
2023-12-14 00:00:00+00:00,0.00030000000000000003,0.03577979000000007
2023-12-15 00:00:00+00:00,0.00030000000000000003,0.03607979000000007
2023-12-16 00:00:00+00:00,0.00030000000000000003,0.03637979000000007
2023-12-17 00:00:00+00:00,0.00030000000000000003,0.03667979000000007
2023-12-18 00:00:00+00:00,0.00038966,0.03706945000000007
2023-12-19 00:00:00+00:00,0.00030000000000000003,0.037369450000000075
2023-12-20 00:00:00+00:00,0.00044143,0.037810880000000074
2023-12-21 00:00:00+00:00,0.00085307,0.03866395000000007
2023-12-22 00:00:00+00:00,0.00078427,0.03944822000000007
2023-12-23 00:00:00+00:00,0.00041351,0.03986173000000007
2023-12-24 00:00:00+00:00,0.00050519,0.04036692000000007
2023-12-25 00:00:00+00:00,0.00057908,0.04094600000000007
2023-12-26 00:00:00+00:00,0.00096707,0.04191307000000007
2023-12-27 00:00:00+00:00,0.00097867,0.042891740000000074
2023-12-28 00:00:00+00:00,0.00101052,0.043902260000000075
2023-12-29 00:00:00+00:00,0.00152164,0.04542390000000007
2023-12-30 00:00:00+00:00,0.00114455,0.046568450000000074
2023-12-31 00:00:00+00:00,0.00096025,0.047528700000000076
2024-01-01 00:00:00+00:00,0.00098223,0.04851093000000008
2024-01-02 00:00:00+00:00,0.00154755,0.05005848000000008
2024-01-03 00:00:00+00:00,0.00048282,0.05054130000000008
2024-01-04 00:00:00+00:00,0.00030000000000000003,0.05084130000000008
2024-01-05 00:00:00+00:00,0.00030000000000000003,0.051141300000000084
2024-01-06 00:00:00+00:00,0.00030000000000000003,0.051441300000000086
2024-01-07 00:00:00+00:00,0.00030000000000000003,0.05174130000000009
2024-01-08 00:00:00+00:00,0.00030000000000000003,0.05204130000000009
2024-01-09 00:00:00+00:00,0.00030000000000000003,0.05234130000000009
2024-01-10 00:00:00+00:00,0.00030000000000000003,0.05264130000000009
2024-01-11 00:00:00+00:00,0.00030000000000000003,0.052941300000000094
2024-01-12 00:00:00+00:00,0.00030000000000000003,0.053241300000000095
2024-01-13 00:00:00+00:00,0.00030000000000000003,0.0535413000000001
2024-01-14 00:00:00+00:00,0.00030000000000000003,0.0538413000000001
2024-01-15 00:00:00+00:00,0.00030000000000000003,0.0541413000000001
2024-01-16 00:00:00+00:00,0.00030000000000000003,0.0544413000000001
2024-01-17 00:00:00+00:00,0.00030000000000000003,0.054741300000000104
2024-01-18 00:00:00+00:00,0.00030000000000000003,0.055041300000000105
2024-01-19 00:00:00+00:00,0.00030000000000000003,0.05534130000000011
2024-01-20 00:00:00+00:00,0.00030000000000000003,0.05564130000000011
2024-01-21 00:00:00+00:00,0.00030000000000000003,0.05594130000000011
2024-01-22 00:00:00+00:00,0.00030000000000000003,0.05624130000000011
2024-01-23 00:00:00+00:00,0.00030000000000000003,0.056541300000000114
2024-01-24 00:00:00+00:00,0.00030000000000000003,0.056841300000000115
2024-01-25 00:00:00+00:00,0.00030000000000000003,0.05714130000000012
2024-01-26 00:00:00+00:00,0.00030000000000000003,0.05744130000000012
2024-01-27 00:00:00+00:00,0.00027266,0.05771396000000012
2024-01-28 00:00:00+00:00,0.00024725,0.05796121000000012
2024-01-29 00:00:00+00:00,0.00029142,0.05825263000000012
2024-01-30 00:00:00+00:00,0.00024641,0.05849904000000012
2024-01-31 00:00:00+00:00,0.00022154,0.05872058000000012
2024-02-01 00:00:00+00:00,0.00030000000000000003,0.05902058000000012
2024-02-02 00:00:00+00:00,0.00030000000000000003,0.05932058000000012
2024-02-03 00:00:00+00:00,0.00024697,0.05956755000000012
2024-02-04 00:00:00+00:00,0.00027153,0.05983908000000012
2024-02-05 00:00:00+00:00,0.00030000000000000003,0.06013908000000012
2024-02-06 00:00:00+00:00,0.00026723000000000003,0.06040631000000012
2024-02-07 00:00:00+00:00,0.00021206,0.06061837000000012
2024-02-08 00:00:00+00:00,0.00019125000000000001,0.06080962000000012
2024-02-09 00:00:00+00:00,0.00022961000000000002,0.06103923000000012
2024-02-10 00:00:00+00:00,0.00028041000000000003,0.06131964000000012
2024-02-11 00:00:00+00:00,0.00030000000000000003,0.06161964000000012
2024-02-12 00:00:00+00:00,0.00030000000000000003,0.06191964000000012
2024-02-13 00:00:00+00:00,0.00030000000000000003,0.062219640000000125
2024-02-14 00:00:00+00:00,0.00032282999999999997,0.06254247000000013
2024-02-15 00:00:00+00:00,0.00030000000000000003,0.06284247000000012
2024-02-16 00:00:00+00:00,0.00030000000000000003,0.06314247000000012
2024-02-17 00:00:00+00:00,0.00036041000000000003,0.06350288000000012
2024-02-18 00:00:00+00:00,0.0004964,0.06399928000000012
2024-02-19 00:00:00+00:00,0.00055985,0.06455913000000012
2024-02-20 00:00:00+00:00,0.00041631999999999997,0.06497545000000012
2024-02-21 00:00:00+00:00,0.00031242,0.06528787000000011
2024-02-22 00:00:00+00:00,0.00036037,0.06564824000000011
2024-02-23 00:00:00+00:00,0.00032991,0.06597815000000011
2024-02-24 00:00:00+00:00,0.00030000000000000003,0.0662781500000001
2024-02-25 00:00:00+00:00,0.00041512,0.06669327000000011
2024-02-26 00:00:00+00:00,0.00075555,0.0674488200000001
2024-02-27 00:00:00+00:00,0.0012874800000000001,0.0687363000000001
2024-02-28 00:00:00+00:00,0.0010394900000000001,0.0697757900000001
2024-02-29 00:00:00+00:00,0.0020245899999999997,0.07180038000000011
2024-03-01 00:00:00+00:00,0.00164156,0.07344194000000011
2024-03-02 00:00:00+00:00,0.0014699600000000002,0.07491190000000011
2024-03-03 00:00:00+00:00,0.00133854,0.07625044000000011
2024-03-04 00:00:00+00:00,0.00165524,0.07790568000000012
2024-03-05 00:00:00+00:00,0.00220077,0.08010645000000012
2024-03-06 00:00:00+00:00,0.0011951,0.08130155000000013
2024-03-07 00:00:00+00:00,0.00125512,0.08255667000000012
2024-03-08 00:00:00+00:00,0.00141229,0.08396896000000012
2024-03-09 00:00:00+00:00,0.00076822,0.08473718000000012
2024-03-10 00:00:00+00:00,0.0014894,0.08622658000000012
2024-03-11 00:00:00+00:00,0.00180313,0.08802971000000012
2024-03-12 00:00:00+00:00,0.00137705,0.08940676000000013
2024-03-13 00:00:00+00:00,0.00143046,0.09083722000000012
2024-03-14 00:00:00+00:00,0.00101404,0.09185126000000012
2024-03-15 00:00:00+00:00,0.00068149,0.09253275000000012
2024-03-16 00:00:00+00:00,0.00054015,0.09307290000000012
2024-03-17 00:00:00+00:00,0.00055689,0.09362979000000013
2024-03-18 00:00:00+00:00,0.00077973,0.09440952000000014
2024-03-19 00:00:00+00:00,0.00080006,0.09520958000000014
2024-03-20 00:00:00+00:00,0.00044235,0.09565193000000013
2024-03-21 00:00:00+00:00,0.00049217,0.09614410000000014
2024-03-22 00:00:00+00:00,0.00038264,0.09652674000000014
2024-03-23 00:00:00+00:00,0.00030806000000000003,0.09683480000000014
2024-03-24 00:00:00+00:00,0.00040851,0.09724331000000014
2024-03-25 00:00:00+00:00,0.00070688,0.09795019000000013
2024-03-26 00:00:00+00:00,0.00067075,0.09862094000000013
2024-03-27 00:00:00+00:00,0.00101939,0.09964033000000012
2024-03-28 00:00:00+00:00,0.00083524,0.10047557000000013
2024-03-29 00:00:00+00:00,0.00073876,0.10121433000000013
2024-03-30 00:00:00+00:00,0.0008625099999999999,0.10207684000000013
2024-03-31 00:00:00+00:00,0.0011254099999999999,0.10320225000000012
2024-04-01 00:00:00+00:00,0.00131121,0.10451346000000011
2024-04-02 00:00:00+00:00,0.00037382,0.10488728000000011
2024-04-03 00:00:00+00:00,0.00030000000000000003,0.1051872800000001
2024-04-04 00:00:00+00:00,0.00030000000000000003,0.1054872800000001
2024-04-05 00:00:00+00:00,0.00030000000000000003,0.1057872800000001
2024-04-06 00:00:00+00:00,0.00030000000000000003,0.10608728000000009
2024-04-07 00:00:00+00:00,0.00030000000000000003,0.10638728000000008
2024-04-08 00:00:00+00:00,0.00055189,0.10693917000000008
2024-04-09 00:00:00+00:00,0.0006057899999999999,0.10754496000000008
2024-04-10 00:00:00+00:00,0.00034386000000000003,0.10788882000000008
2024-04-11 00:00:00+00:00,0.00053895,0.10842777000000008
2024-04-12 00:00:00+00:00,0.00049102,0.10891879000000007
2024-04-13 00:00:00+00:00,0.00030000000000000003,0.10921879000000007
2024-04-14 00:00:00+00:00,0.00030000000000000003,0.10951879000000006
2024-04-15 00:00:00+00:00,0.00021759,0.10973638000000006
2024-04-16 00:00:00+00:00,0.00018991,0.10992629000000007
2024-04-17 00:00:00+00:00,0.00016483,0.11009112000000007
2024-04-18 00:00:00+00:00,9.585e-05,0.11018697000000006
2024-04-19 00:00:00+00:00,9.401e-05,0.11028098000000007
2024-04-20 00:00:00+00:00,0.00013438,0.11041536000000007
2024-04-21 00:00:00+00:00,9.364e-05,0.11050900000000008
2024-04-22 00:00:00+00:00,7.804e-05,0.11058704000000008
2024-04-23 00:00:00+00:00,2.9210000000000003e-05,0.11061625000000008
2024-04-24 00:00:00+00:00,0.00013761999999999997,0.11075387000000009
2024-04-25 00:00:00+00:00,0.00012229,0.11087616000000008
2024-04-26 00:00:00+00:00,7.956e-05,0.11095572000000009
2024-04-27 00:00:00+00:00,0.00020304,0.11115876000000009
2024-04-28 00:00:00+00:00,1.7070000000000004e-05,0.11117583000000009
2024-04-29 00:00:00+00:00,0.00014844,0.11132427000000009
2024-04-30 00:00:00+00:00,0.00028894,0.11161321000000009
2024-05-01 00:00:00+00:00,0.00028848000000000003,0.11190169000000008
2024-05-02 00:00:00+00:00,0.0001268,0.11202849000000008
2024-05-03 00:00:00+00:00,2.7779999999999995e-05,0.11205627000000008
2024-05-04 00:00:00+00:00,0.00016423000000000002,0.11222050000000008
2024-05-05 00:00:00+00:00,0.00011446000000000001,0.11233496000000008
2024-05-06 00:00:00+00:00,7.316999999999999e-05,0.11240813000000008
2024-05-07 00:00:00+00:00,0.00016673,0.11257486000000008
2024-05-08 00:00:00+00:00,0.00019736,0.11277222000000008
2024-05-09 00:00:00+00:00,0.00016216,0.11293438000000007
2024-05-10 00:00:00+00:00,0.00014613,0.11308051000000006
2024-05-11 00:00:00+00:00,0.00017719,0.11325770000000006
2024-05-12 00:00:00+00:00,0.00015434,0.11341204000000006
2024-05-13 00:00:00+00:00,0.0002762,0.11368824000000007
2024-05-14 00:00:00+00:00,0.00024258,0.11393082000000007
2024-05-15 00:00:00+00:00,0.00011988,0.11405070000000007
2024-05-16 00:00:00+00:00,0.00010794,0.11415864000000008
2024-05-17 00:00:00+00:00,5.164e-05,0.11421028000000008
2024-05-18 00:00:00+00:00,7.848e-05,0.11428876000000009
2024-05-19 00:00:00+00:00,0.00013328,0.11442204000000009
2024-05-20 00:00:00+00:00,0.00010638,0.11452842000000009
2024-05-21 00:00:00+00:00,0.00030517,0.11483359000000008
2024-05-22 00:00:00+00:00,0.00035758999999999997,0.11519118000000009
2024-05-23 00:00:00+00:00,0.00030000000000000003,0.11549118000000008
2024-05-24 00:00:00+00:00,0.00030000000000000003,0.11579118000000008
2024-05-25 00:00:00+00:00,0.00030000000000000003,0.11609118000000007
2024-05-26 00:00:00+00:00,0.00030000000000000003,0.11639118000000007
2024-05-27 00:00:00+00:00,0.00030000000000000003,0.11669118000000006
2024-05-28 00:00:00+00:00,0.00030000000000000003,0.11699118000000006
2024-05-29 00:00:00+00:00,0.00032558,0.11731676000000006
2024-05-30 00:00:00+00:00,0.00030000000000000003,0.11761676000000006
2024-05-31 00:00:00+00:00,0.00036867000000000003,0.11798543000000006
2024-06-01 00:00:00+00:00,0.00030250000000000003,0.11828793000000005
2024-06-02 00:00:00+00:00,0.00030000000000000003,0.11858793000000005
2024-06-03 00:00:00+00:00,0.00034135,0.11892928000000005
2024-06-04 00:00:00+00:00,0.00032008000000000004,0.11924936000000005
2024-06-05 00:00:00+00:00,0.00039612999999999996,0.11964549000000005
2024-06-06 00:00:00+00:00,0.00032208,0.11996757000000005
2024-06-07 00:00:00+00:00,0.00030166000000000004,0.12026923000000005
2024-06-08 00:00:00+00:00,0.00030000000000000003,0.12056923000000004
2024-06-09 00:00:00+00:00,0.00030000000000000003,0.12086923000000004
2024-06-10 00:00:00+00:00,0.00030000000000000003,0.12116923000000003
2024-06-11 00:00:00+00:00,0.00030000000000000003,0.12146923000000003
2024-06-12 00:00:00+00:00,0.00030000000000000003,0.12176923000000002
2024-06-13 00:00:00+00:00,0.00030000000000000003,0.12206923000000001
2024-06-14 00:00:00+00:00,0.00030000000000000003,0.12236923000000001
2024-06-15 00:00:00+00:00,0.00030000000000000003,0.12266923
2024-06-16 00:00:00+00:00,0.00030000000000000003,0.12296923
2024-06-17 00:00:00+00:00,0.00030000000000000003,0.12326923
2024-06-18 00:00:00+00:00,0.00028236,0.12355158999999999
2024-06-19 00:00:00+00:00,0.00017094,0.12372252999999998
2024-06-20 00:00:00+00:00,0.00016766,0.12389018999999998
2024-06-21 00:00:00+00:00,0.00020672000000000003,0.12409690999999998
2024-06-22 00:00:00+00:00,0.00024146,0.12433836999999998
2024-06-23 00:00:00+00:00,0.00016983,0.12450819999999997
2024-06-24 00:00:00+00:00,0.00027022,0.12477841999999997
2024-06-25 00:00:00+00:00,0.00021148,0.12498989999999997
2024-06-26 00:00:00+00:00,0.00030000000000000003,0.12528989999999998
2024-06-27 00:00:00+00:00,0.00030000000000000003,0.12558989999999998
2024-06-28 00:00:00+00:00,0.00030000000000000003,0.12588989999999997
2024-06-29 00:00:00+00:00,0.00030000000000000003,0.12618989999999997
2024-06-30 00:00:00+00:00,0.00030000000000000003,0.12648989999999996
2024-07-01 00:00:00+00:00,0.00030000000000000003,0.12678989999999996
2024-07-02 00:00:00+00:00,0.00030000000000000003,0.12708989999999995
2024-07-03 00:00:00+00:00,0.00030000000000000003,0.12738989999999994
2024-07-04 00:00:00+00:00,0.00030000000000000003,0.12768989999999994
2024-07-05 00:00:00+00:00,0.00021762000000000002,0.12790751999999994
2024-07-06 00:00:00+00:00,0.00016491,0.12807242999999993
2024-07-07 00:00:00+00:00,0.00028164,0.12835406999999993
2024-07-08 00:00:00+00:00,0.00026126999999999997,0.12861533999999994
2024-07-09 00:00:00+00:00,0.00020861000000000002,0.12882394999999994
2024-07-10 00:00:00+00:00,0.0002471,0.12907104999999994
2024-07-11 00:00:00+00:00,0.00030000000000000003,0.12937104999999993
2024-07-12 00:00:00+00:00,0.00013441,0.12950545999999993
2024-07-13 00:00:00+00:00,0.00025184000000000003,0.12975729999999994
2024-07-14 00:00:00+00:00,0.00020789,0.12996518999999992
2024-07-15 00:00:00+00:00,7.278e-05,0.13003796999999992
2024-07-16 00:00:00+00:00,6.469e-05,0.13010265999999993
2024-07-17 00:00:00+00:00,4.989999999999998e-06,0.13010764999999994
2024-07-18 00:00:00+00:00,5.362e-05,0.13016126999999994
2024-07-19 00:00:00+00:00,0.0001349,0.13029616999999993
2024-07-20 00:00:00+00:00,4.890000000000002e-06,0.13030105999999994
2024-07-21 00:00:00+00:00,-2.4730000000000002e-05,0.13027632999999994
2024-07-22 00:00:00+00:00,0.00017858000000000001,0.13045490999999995
2024-07-23 00:00:00+00:00,0.00013661,0.13059151999999996
2024-07-24 00:00:00+00:00,0.00030000000000000003,0.13089151999999996
2024-07-25 00:00:00+00:00,0.00030000000000000003,0.13119151999999995
2024-07-26 00:00:00+00:00,0.0002334,0.13142491999999995
2024-07-27 00:00:00+00:00,0.00023678,0.13166169999999994
2024-07-28 00:00:00+00:00,0.00020161,0.13186330999999993
2024-07-29 00:00:00+00:00,0.00023984,0.13210314999999992
2024-07-30 00:00:00+00:00,0.00014649,0.13224963999999992
2024-07-31 00:00:00+00:00,0.00014067,0.13239030999999993
2024-08-01 00:00:00+00:00,0.00028208,0.13267238999999992
2024-08-02 00:00:00+00:00,0.00030000000000000003,0.1329723899999999
2024-08-03 00:00:00+00:00,0.00024035000000000001,0.1332127399999999
2024-08-04 00:00:00+00:00,0.00025343,0.1334661699999999
2024-08-05 00:00:00+00:00,0.00020396,0.13367012999999991
2024-08-06 00:00:00+00:00,5.206e-05,0.1337221899999999
2024-08-07 00:00:00+00:00,-4.3480000000000004e-05,0.1336787099999999
2024-08-08 00:00:00+00:00,6.87e-05,0.1337474099999999
2024-08-09 00:00:00+00:00,0.00012024,0.1338676499999999
2024-08-10 00:00:00+00:00,-7.27e-05,0.13379494999999988
2024-08-11 00:00:00+00:00,3.395e-05,0.1338288999999999
2024-08-12 00:00:00+00:00,7.658e-05,0.13390547999999988
2024-08-13 00:00:00+00:00,2.759e-05,0.13393306999999988
2024-08-14 00:00:00+00:00,-7.989e-05,0.13385317999999988
2024-08-15 00:00:00+00:00,-8.33e-05,0.13376987999999987
2024-08-16 00:00:00+00:00,-0.00019178999999999998,0.13357808999999987
2024-08-17 00:00:00+00:00,5.937e-05,0.13363745999999987
2024-08-18 00:00:00+00:00,-5.059999999999996e-06,0.13363239999999987
2024-08-19 00:00:00+00:00,-0.00012323,0.13350916999999987
2024-08-20 00:00:00+00:00,1.1199999999999994e-06,0.13351028999999986
2024-08-21 00:00:00+00:00,-6.951e-05,0.13344077999999987
2024-08-22 00:00:00+00:00,-8.151999999999999e-05,0.13335925999999987
2024-08-23 00:00:00+00:00,-5.2550000000000003e-05,0.13330670999999986
2024-08-24 00:00:00+00:00,4.9e-05,0.13335570999999985
2024-08-25 00:00:00+00:00,-3.229e-05,0.13332341999999986
2024-08-26 00:00:00+00:00,9.676e-05,0.13342017999999986
2024-08-27 00:00:00+00:00,0.00012299,0.13354316999999985
2024-08-28 00:00:00+00:00,-3.227e-05,0.13351089999999985
2024-08-29 00:00:00+00:00,-2.061e-05,0.13349028999999984
2024-08-30 00:00:00+00:00,7.441e-05,0.13356469999999984
2024-08-31 00:00:00+00:00,5.6290000000000005e-05,0.13362098999999983
2024-09-01 00:00:00+00:00,2.9900000000000044e-06,0.13362397999999984
2024-09-02 00:00:00+00:00,-3.501e-05,0.13358896999999983
2024-09-03 00:00:00+00:00,0.00015966,0.13374862999999984
2024-09-04 00:00:00+00:00,1.789e-05,0.13376651999999983
2024-09-05 00:00:00+00:00,0.00013531,0.13390182999999983
2024-09-06 00:00:00+00:00,3.7069999999999996e-05,0.13393889999999983
2024-09-07 00:00:00+00:00,-0.00015427000000000003,0.13378462999999982
2024-09-08 00:00:00+00:00,-7.499e-05,0.13370963999999982
2024-09-09 00:00:00+00:00,-0.00018568,0.13352395999999983
2024-09-10 00:00:00+00:00,-0.00010084,0.13342311999999984
2024-09-11 00:00:00+00:00,-0.00016412000000000002,0.13325899999999985
2024-09-12 00:00:00+00:00,-5.447e-05,0.13320452999999985
2024-09-13 00:00:00+00:00,-3.381e-05,0.13317071999999985
2024-09-14 00:00:00+00:00,-5.5140000000000004e-05,0.13311557999999984
2024-09-15 00:00:00+00:00,-8.8e-07,0.13311469999999984
2024-09-16 00:00:00+00:00,0.00012728000000000001,0.13324197999999984
2024-09-17 00:00:00+00:00,0.00015767,0.13339964999999984
2024-09-18 00:00:00+00:00,7.67e-05,0.13347634999999985
2024-09-19 00:00:00+00:00,0.00010533000000000001,0.13358167999999984
2024-09-20 00:00:00+00:00,0.00013105000000000001,0.13371272999999984
2024-09-21 00:00:00+00:00,0.00022872000000000002,0.13394144999999982
2024-09-22 00:00:00+00:00,0.00021076,0.13415220999999983
2024-09-23 00:00:00+00:00,0.00013214,0.13428434999999983
2024-09-24 00:00:00+00:00,5.037e-05,0.13433471999999982
2024-09-25 00:00:00+00:00,3.7e-05,0.13437171999999983
2024-09-26 00:00:00+00:00,0.00017895999999999998,0.13455067999999984
2024-09-27 00:00:00+00:00,0.00018997,0.13474064999999985
2024-09-28 00:00:00+00:00,0.00015169,0.13489233999999986
2024-09-29 00:00:00+00:00,0.00011106,0.13500339999999986
2024-09-30 00:00:00+00:00,0.00021016,0.13521355999999984
2024-10-01 00:00:00+00:00,0.00030000000000000003,0.13551355999999984
2024-10-02 00:00:00+00:00,0.00023232,0.13574587999999985
2024-10-03 00:00:00+00:00,0.00013117,0.13587704999999986
2024-10-04 00:00:00+00:00,9.459e-05,0.13597163999999987
2024-10-05 00:00:00+00:00,3.53e-06,0.13597516999999987
2024-10-06 00:00:00+00:00,8.04e-05,0.13605556999999988
2024-10-07 00:00:00+00:00,5.798e-05,0.1361135499999999
2024-10-08 00:00:00+00:00,0.00013516,0.13624870999999988
2024-10-09 00:00:00+00:00,0.00023077,0.13647947999999988
2024-10-10 00:00:00+00:00,0.00013622,0.13661569999999987
2024-10-11 00:00:00+00:00,4.770000000000002e-06,0.13662046999999986
2024-10-12 00:00:00+00:00,0.00010733,0.13672779999999984
2024-10-13 00:00:00+00:00,6.269e-05,0.13679048999999985
2024-10-14 00:00:00+00:00,0.00025429,0.13704477999999984
2024-10-15 00:00:00+00:00,0.00030000000000000003,0.13734477999999983
2024-10-16 00:00:00+00:00,0.00026825000000000004,0.13761302999999983
2024-10-17 00:00:00+00:00,0.00030000000000000003,0.13791302999999983
2024-10-18 00:00:00+00:00,0.00030000000000000003,0.13821302999999982
2024-10-19 00:00:00+00:00,0.00030000000000000003,0.13851302999999981
2024-10-20 00:00:00+00:00,0.00030000000000000003,0.1388130299999998
2024-10-21 00:00:00+00:00,0.00030000000000000003,0.1391130299999998
2024-10-22 00:00:00+00:00,0.00030000000000000003,0.1394130299999998
2024-10-23 00:00:00+00:00,0.00030000000000000003,0.1397130299999998
2024-10-24 00:00:00+00:00,0.00030000000000000003,0.1400130299999998
2024-10-25 00:00:00+00:00,0.00030000000000000003,0.14031302999999978
2024-10-26 00:00:00+00:00,0.00022323999999999998,0.1405362699999998
2024-10-27 00:00:00+00:00,0.00029724,0.1408335099999998
2024-10-28 00:00:00+00:00,0.00028371,0.1411172199999998
2024-10-29 00:00:00+00:00,0.00030000000000000003,0.1414172199999998
2024-10-30 00:00:00+00:00,0.00030000000000000003,0.14171721999999978
2024-10-31 00:00:00+00:00,0.00030000000000000003,0.14201721999999978
2024-11-01 00:00:00+00:00,0.00030000000000000003,0.14231721999999977
2024-11-02 00:00:00+00:00,0.00030000000000000003,0.14261721999999977
2024-11-03 00:00:00+00:00,0.00030000000000000003,0.14291721999999976
2024-11-04 00:00:00+00:00,0.00030000000000000003,0.14321721999999976
2024-11-05 00:00:00+00:00,0.00030000000000000003,0.14351721999999975
2024-11-06 00:00:00+00:00,0.00030000000000000003,0.14381721999999975
2024-11-07 00:00:00+00:00,0.00030000000000000003,0.14411721999999974
2024-11-08 00:00:00+00:00,0.00030000000000000003,0.14441721999999974
2024-11-09 00:00:00+00:00,0.00030000000000000003,0.14471721999999973
2024-11-10 00:00:00+00:00,0.00049716,0.14521437999999973
2024-11-11 00:00:00+00:00,0.00056878,0.14578315999999972
2024-11-12 00:00:00+00:00,0.00131624,0.1470993999999997
2024-11-13 00:00:00+00:00,0.00044957,0.14754896999999972
2024-11-14 00:00:00+00:00,0.00030000000000000003,0.14784896999999972
2024-11-15 00:00:00+00:00,0.00030977,0.1481587399999997
2024-11-16 00:00:00+00:00,0.00033231000000000005,0.1484910499999997
2024-11-17 00:00:00+00:00,0.00036342000000000004,0.1488544699999997
2024-11-18 00:00:00+00:00,0.00067768,0.1495321499999997
2024-11-19 00:00:00+00:00,0.00069781,0.1502299599999997
2024-11-20 00:00:00+00:00,0.00030000000000000003,0.15052995999999969
2024-11-21 00:00:00+00:00,0.00030000000000000003,0.15082995999999968
2024-11-22 00:00:00+00:00,0.00030000000000000003,0.15112995999999967
2024-11-23 00:00:00+00:00,0.00030000000000000003,0.15142995999999967
2024-11-24 00:00:00+00:00,0.00049376,0.15192371999999968
2024-11-25 00:00:00+00:00,0.00056268,0.1524863999999997
2024-11-26 00:00:00+00:00,0.0006943699999999999,0.1531807699999997
2024-11-27 00:00:00+00:00,0.00058,0.15376076999999969
2024-11-28 00:00:00+00:00,0.00036185,0.15412261999999968
2024-11-29 00:00:00+00:00,0.00054287,0.15466548999999968
2024-11-30 00:00:00+00:00,0.00037972,0.15504520999999968
2024-12-01 00:00:00+00:00,0.00045482000000000004,0.15550002999999968
2024-12-02 00:00:00+00:00,0.00063669,0.15613671999999967
2024-12-03 00:00:00+00:00,0.00049657,0.15663328999999968
2024-12-04 00:00:00+00:00,0.00076122,0.15739450999999968
2024-12-05 00:00:00+00:00,0.0014713,0.1588658099999997
2024-12-06 00:00:00+00:00,0.00034634,0.1592121499999997
2024-12-07 00:00:00+00:00,0.00058436,0.1597965099999997
2024-12-08 00:00:00+00:00,0.00051137,0.1603078799999997
2024-12-09 00:00:00+00:00,0.0006256,0.1609334799999997
2024-12-10 00:00:00+00:00,0.00030000000000000003,0.1612334799999997
2024-12-11 00:00:00+00:00,0.00030000000000000003,0.1615334799999997
2024-12-12 00:00:00+00:00,0.00030000000000000003,0.1618334799999997
2024-12-13 00:00:00+00:00,0.00030000000000000003,0.1621334799999997
2024-12-14 00:00:00+00:00,0.0002675,0.1624009799999997
2024-12-15 00:00:00+00:00,0.00028194,0.1626829199999997
2024-12-16 00:00:00+00:00,0.00029181,0.1629747299999997
2024-12-17 00:00:00+00:00,0.00027866,0.16325338999999972
2024-12-18 00:00:00+00:00,0.00029159,0.16354497999999973
2024-12-19 00:00:00+00:00,0.00030000000000000003,0.16384497999999972
2024-12-20 00:00:00+00:00,0.00030000000000000003,0.16414497999999972
2024-12-21 00:00:00+00:00,0.00021206000000000003,0.16435703999999973
2024-12-22 00:00:00+00:00,0.00029629,0.16465332999999974
2024-12-23 00:00:00+00:00,0.00028981,0.16494313999999974
2024-12-24 00:00:00+00:00,0.00030000000000000003,0.16524313999999973
2024-12-25 00:00:00+00:00,0.00030000000000000003,0.16554313999999973
2024-12-26 00:00:00+00:00,0.00025865,0.16580178999999973
2024-12-27 00:00:00+00:00,0.00030000000000000003,0.16610178999999972
2024-12-28 00:00:00+00:00,0.00022812,0.16632990999999972
2024-12-29 00:00:00+00:00,0.00028013,0.1666100399999997
2024-12-30 00:00:00+00:00,0.00018749,0.16679752999999972
2024-12-31 00:00:00+00:00,0.00030000000000000003,0.16709752999999972
2025-01-01 00:00:00+00:00,0.00030000000000000003,0.1673975299999997
2025-01-02 00:00:00+00:00,0.00030000000000000003,0.1676975299999997
2025-01-03 00:00:00+00:00,0.00025242,0.1679499499999997
2025-01-04 00:00:00+00:00,0.00018497,0.16813491999999972
2025-01-05 00:00:00+00:00,0.0002832,0.16841811999999973
2025-01-06 00:00:00+00:00,0.00030000000000000003,0.16871811999999972
2025-01-07 00:00:00+00:00,0.00027182,0.16898993999999973
2025-01-08 00:00:00+00:00,0.00030000000000000003,0.16928993999999972
2025-01-09 00:00:00+00:00,0.0001929,0.16948283999999972
2025-01-10 00:00:00+00:00,0.00010983999999999999,0.16959267999999972
2025-01-11 00:00:00+00:00,0.00012343,0.16971610999999973
2025-01-12 00:00:00+00:00,0.00014866,0.16986476999999972
2025-01-13 00:00:00+00:00,0.00013136,0.16999612999999972
2025-01-14 00:00:00+00:00,0.00029496000000000004,0.17029108999999973
2025-01-15 00:00:00+00:00,0.00019628,0.17048736999999972
2025-01-16 00:00:00+00:00,0.00012894,0.17061630999999972
2025-01-17 00:00:00+00:00,0.00017414999999999998,0.17079045999999973
2025-01-18 00:00:00+00:00,0.00026707,0.17105752999999974
2025-01-19 00:00:00+00:00,0.00030000000000000003,0.17135752999999973
2025-01-20 00:00:00+00:00,0.00030000000000000003,0.17165752999999973
2025-01-21 00:00:00+00:00,0.00030000000000000003,0.17195752999999972
2025-01-22 00:00:00+00:00,0.00030000000000000003,0.17225752999999971
2025-01-23 00:00:00+00:00,0.0002727,0.1725302299999997
2025-01-24 00:00:00+00:00,0.00017411,0.1727043399999997
2025-01-25 00:00:00+00:00,0.00021978999999999998,0.1729241299999997
2025-01-26 00:00:00+00:00,0.00026806,0.1731921899999997
2025-01-27 00:00:00+00:00,0.00012894,0.17332112999999968
2025-01-28 00:00:00+00:00,0.00023562000000000002,0.17355674999999968
2025-01-29 00:00:00+00:00,0.00029949,0.1738562399999997
2025-01-30 00:00:00+00:00,0.00027089,0.17412712999999969
2025-01-31 00:00:00+00:00,0.00021225,0.17433937999999968
2025-02-01 00:00:00+00:00,0.00019435,0.1745337299999997
2025-02-02 00:00:00+00:00,8.343e-05,0.1746171599999997
2025-02-03 00:00:00+00:00,0.00024845,0.1748656099999997
2025-02-04 00:00:00+00:00,0.0001355,0.1750011099999997
2025-02-05 00:00:00+00:00,5.923e-05,0.1750603399999997
2025-02-06 00:00:00+00:00,7.851e-05,0.1751388499999997
2025-02-07 00:00:00+00:00,0.00020139,0.1753402399999997
2025-02-08 00:00:00+00:00,-2.639e-05,0.17531384999999972
2025-02-09 00:00:00+00:00,0.00016312,0.1754769699999997
2025-02-10 00:00:00+00:00,0.00018435,0.1756613199999997
2025-02-11 00:00:00+00:00,8.862e-05,0.17574993999999972
2025-02-12 00:00:00+00:00,0.00011156999999999999,0.17586150999999972
2025-02-13 00:00:00+00:00,0.00014922,0.17601072999999973
2025-02-14 00:00:00+00:00,0.00016703,0.17617775999999974
2025-02-15 00:00:00+00:00,7.087e-05,0.17624862999999974
2025-02-16 00:00:00+00:00,7.371e-05,0.17632233999999974
2025-02-17 00:00:00+00:00,0.00014645,0.17646878999999974
2025-02-18 00:00:00+00:00,0.00029488,0.17676366999999973
2025-02-19 00:00:00+00:00,0.00023746,0.17700112999999973
2025-02-20 00:00:00+00:00,0.00013035,0.17713147999999973
2025-02-21 00:00:00+00:00,2.3120000000000002e-05,0.17715459999999972
2025-02-22 00:00:00+00:00,0.00018784,0.1773424399999997
2025-02-23 00:00:00+00:00,8.73e-05,0.17742973999999972
2025-02-24 00:00:00+00:00,5.9609999999999993e-05,0.1774893499999997
2025-02-25 00:00:00+00:00,0.0001663,0.17765564999999972
2025-02-26 00:00:00+00:00,0.00019526,0.17785090999999972
2025-02-27 00:00:00+00:00,0.00018121,0.1780321199999997
2025-02-28 00:00:00+00:00,0.00018592,0.17821803999999972
2025-03-01 00:00:00+00:00,-6.98e-05,0.1781482399999997
2025-03-02 00:00:00+00:00,-6.746000000000001e-05,0.17808077999999972
2025-03-03 00:00:00+00:00,5.449999999999997e-06,0.1780862299999997
2025-03-04 00:00:00+00:00,-4.899999999999999e-06,0.1780813299999997
2025-03-05 00:00:00+00:00,0.00011863,0.1781999599999997
2025-03-06 00:00:00+00:00,0.00016769000000000002,0.1783676499999997
2025-03-07 00:00:00+00:00,-1.23e-06,0.17836641999999972
2025-03-08 00:00:00+00:00,6.909e-05,0.17843550999999971
2025-03-09 00:00:00+00:00,0.00010439000000000001,0.17853989999999972
2025-03-10 00:00:00+00:00,9.333e-05,0.17863322999999973
2025-03-11 00:00:00+00:00,0.00016711,0.17880033999999972
2025-03-12 00:00:00+00:00,0.00010403999999999999,0.17890437999999972
2025-03-13 00:00:00+00:00,5.6890000000000006e-05,0.17896126999999973
2025-03-14 00:00:00+00:00,0.00011074,0.17907200999999973
2025-03-15 00:00:00+00:00,-8.745e-05,0.17898455999999974
2025-03-16 00:00:00+00:00,5.915e-05,0.17904370999999975
2025-03-17 00:00:00+00:00,0.00010398,0.17914768999999975
2025-03-18 00:00:00+00:00,6.276e-05,0.17921044999999974
2025-03-19 00:00:00+00:00,0.00011185000000000001,0.17932229999999974
2025-03-20 00:00:00+00:00,6.82e-05,0.17939049999999973
2025-03-21 00:00:00+00:00,9.457e-05,0.17948506999999972
2025-03-22 00:00:00+00:00,6.158e-05,0.17954664999999972
2025-03-23 00:00:00+00:00,5.9350000000000006e-05,0.17960599999999974
2025-03-24 00:00:00+00:00,4.129e-05,0.17964728999999974
2025-03-25 00:00:00+00:00,-2.8729999999999998e-05,0.17961855999999973
2025-03-26 00:00:00+00:00,-4.413e-05,0.17957442999999973
2025-03-27 00:00:00+00:00,4.888e-05,0.17962330999999973
2025-03-28 00:00:00+00:00,9.245000000000001e-05,0.17971575999999972
2025-03-29 00:00:00+00:00,0.00016108,0.17987683999999973
2025-03-30 00:00:00+00:00,5.356e-05,0.17993039999999974
2025-03-31 00:00:00+00:00,0.00010508,0.18003547999999975
2025-04-01 00:00:00+00:00,0.00010423,0.18013970999999976
2025-04-02 00:00:00+00:00,1.657e-05,0.18015627999999975
2025-04-03 00:00:00+00:00,0.00017384,0.18033011999999976
2025-04-04 00:00:00+00:00,0.00017057,0.18050068999999977
2025-04-05 00:00:00+00:00,0.00016403999999999998,0.18066472999999977
2025-04-06 00:00:00+00:00,4.981e-05,0.18071453999999978
2025-04-07 00:00:00+00:00,0.00016801,0.18088254999999978
2025-04-08 00:00:00+00:00,0.00010783,0.18099037999999978
2025-04-09 00:00:00+00:00,0.00014172,0.1811320999999998
2025-04-10 00:00:00+00:00,0.00014594,0.1812780399999998
2025-04-11 00:00:00+00:00,1.0610000000000002e-05,0.1812886499999998
2025-04-12 00:00:00+00:00,0.00014682,0.1814354699999998
2025-04-13 00:00:00+00:00,0.00023128,0.1816667499999998
2025-04-14 00:00:00+00:00,0.00017668,0.1818434299999998
2025-04-15 00:00:00+00:00,6.416000000000001e-05,0.1819075899999998
2025-04-16 00:00:00+00:00,0.00011323000000000001,0.1820208199999998
2025-04-17 00:00:00+00:00,0.00010507999999999999,0.1821258999999998
2025-04-18 00:00:00+00:00,0.00011854,0.1822444399999998
2025-04-19 00:00:00+00:00,7.001e-05,0.18231444999999982
2025-04-20 00:00:00+00:00,-3.634e-05,0.18227810999999983
2025-04-21 00:00:00+00:00,0.00012188,0.18239998999999982
2025-04-22 00:00:00+00:00,-3.9999999999999617e-07,0.1823995899999998
2025-04-23 00:00:00+00:00,4.572e-05,0.1824453099999998
2025-04-24 00:00:00+00:00,3.739999999999998e-06,0.1824490499999998
2025-04-25 00:00:00+00:00,-1.4740000000000001e-05,0.1824343099999998
2025-04-26 00:00:00+00:00,-0.00010004,0.1823342699999998
2025-04-27 00:00:00+00:00,-2.5810000000000002e-05,0.1823084599999998
2025-04-28 00:00:00+00:00,-5.202e-05,0.1822564399999998
2025-04-29 00:00:00+00:00,9.45e-06,0.1822658899999998
2025-04-30 00:00:00+00:00,-6.0389999999999996e-05,0.1822054999999998
2025-05-01 00:00:00+00:00,1.246e-05,0.1822179599999998
2025-05-02 00:00:00+00:00,-0.00030303000000000003,0.18191492999999978
2025-05-03 00:00:00+00:00,-4.238e-05,0.18187254999999977
2025-05-04 00:00:00+00:00,7.344e-05,0.18194598999999978
2025-05-05 00:00:00+00:00,-1.0150000000000003e-05,0.1819358399999998
2025-05-06 00:00:00+00:00,7.175000000000001e-05,0.1820075899999998
2025-05-07 00:00:00+00:00,2.513e-05,0.18203271999999981
2025-05-08 00:00:00+00:00,0.00012654000000000002,0.18215925999999982
2025-05-09 00:00:00+00:00,0.00024378,0.18240303999999982
2025-05-10 00:00:00+00:00,0.00023914000000000002,0.18264217999999982
2025-05-11 00:00:00+00:00,0.00024150000000000002,0.18288367999999983
2025-05-12 00:00:00+00:00,0.00016755,0.18305122999999981
2025-05-13 00:00:00+00:00,0.00024103,0.18329225999999982
2025-05-14 00:00:00+00:00,0.00020637999999999999,0.18349863999999982
2025-05-15 00:00:00+00:00,9.753e-05,0.18359616999999984
2025-05-16 00:00:00+00:00,0.00016807,0.18376423999999983
2025-05-17 00:00:00+00:00,6.758e-05,0.18383181999999984
2025-05-18 00:00:00+00:00,0.00022645,0.18405826999999983
2025-05-19 00:00:00+00:00,0.0001414,0.18419966999999984
2025-05-20 00:00:00+00:00,0.00016751,0.18436717999999985
2025-05-21 00:00:00+00:00,0.00021033,0.18457750999999986
2025-05-22 00:00:00+00:00,0.00030000000000000003,0.18487750999999986
2025-05-23 00:00:00+00:00,0.00025195999999999997,0.18512946999999985
2025-05-24 00:00:00+00:00,0.00015951,0.18528897999999985
2025-05-25 00:00:00+00:00,0.00018558,0.18547455999999984
2025-05-26 00:00:00+00:00,0.00027113,0.18574568999999985
2025-05-27 00:00:00+00:00,0.00017392,0.18591960999999985
2025-05-28 00:00:00+00:00,0.00010792,0.18602752999999986
2025-05-29 00:00:00+00:00,0.00014377,0.18617129999999985
2025-05-30 00:00:00+00:00,0.00013863,0.18630992999999985
2025-05-31 00:00:00+00:00,0.00020745,0.18651737999999984
2025-06-01 00:00:00+00:00,5.87e-05,0.18657607999999984
2025-06-02 00:00:00+00:00,9.418e-05,0.18667025999999984
2025-06-03 00:00:00+00:00,0.00015527,0.18682552999999985
2025-06-04 00:00:00+00:00,3.562e-05,0.18686114999999984
2025-06-05 00:00:00+00:00,8.101e-05,0.18694215999999983
2025-06-06 00:00:00+00:00,-9.516e-05,0.18684699999999982
2025-06-07 00:00:00+00:00,-5.7539999999999995e-05,0.18678945999999982
2025-06-08 00:00:00+00:00,6.819000000000001e-05,0.18685764999999982
2025-06-09 00:00:00+00:00,4.9170000000000005e-05,0.1869068199999998
2025-06-10 00:00:00+00:00,0.00024539,0.18715220999999982
2025-06-11 00:00:00+00:00,0.00022208,0.18737428999999983
2025-06-12 00:00:00+00:00,0.00010301,0.18747729999999982
2025-06-13 00:00:00+00:00,1.786e-05,0.18749515999999983
2025-06-14 00:00:00+00:00,6.951e-05,0.18756466999999982
2025-06-15 00:00:00+00:00,5.167e-05,0.18761633999999983
2025-06-16 00:00:00+00:00,8.799e-05,0.18770432999999984
2025-06-17 00:00:00+00:00,9.834000000000001e-05,0.18780266999999984
2025-06-18 00:00:00+00:00,8.635e-05,0.18788901999999985
2025-06-19 00:00:00+00:00,3.8570000000000005e-05,0.18792758999999984
2025-06-20 00:00:00+00:00,0.00013827000000000002,0.18806585999999983
2025-06-21 00:00:00+00:00,0.0001335,0.18819935999999984
2025-06-22 00:00:00+00:00,0.00017028,0.18836963999999984
2025-06-23 00:00:00+00:00,1.0190000000000002e-05,0.18837982999999983
2025-06-24 00:00:00+00:00,2.91e-05,0.18840892999999984
2025-06-25 00:00:00+00:00,5.350000000000001e-06,0.18841427999999982
2025-06-26 00:00:00+00:00,4.6280000000000004e-05,0.18846055999999983
2025-06-27 00:00:00+00:00,6.333e-05,0.18852388999999983
2025-06-28 00:00:00+00:00,9.326e-05,0.18861714999999984
2025-06-29 00:00:00+00:00,0.0001661,0.18878324999999985
2025-06-30 00:00:00+00:00,8.966e-05,0.18887290999999984
2025-07-01 00:00:00+00:00,6.496e-05,0.18893786999999984
2025-07-02 00:00:00+00:00,9.34e-05,0.18903126999999983
2025-07-03 00:00:00+00:00,0.00013461000000000001,0.18916587999999984
2025-07-04 00:00:00+00:00,0.00012035999999999999,0.18928623999999986
2025-07-05 00:00:00+00:00,8.125999999999999e-05,0.18936749999999986
2025-07-06 00:00:00+00:00,4.634e-05,0.18941383999999986
2025-07-07 00:00:00+00:00,0.00010069000000000001,0.18951452999999985
2025-07-08 00:00:00+00:00,9.237000000000001e-05,0.18960689999999986
2025-07-09 00:00:00+00:00,0.00010742,0.18971431999999985
2025-07-10 00:00:00+00:00,0.00020431,0.18991862999999987
2025-07-11 00:00:00+00:00,0.00030000000000000003,0.19021862999999986
2025-07-12 00:00:00+00:00,0.00030000000000000003,0.19051862999999986
2025-07-13 00:00:00+00:00,0.00030000000000000003,0.19081862999999985
2025-07-14 00:00:00+00:00,0.00028051,0.19109913999999986
2025-07-15 00:00:00+00:00,0.00030000000000000003,0.19139913999999986
2025-07-16 00:00:00+00:00,0.00030000000000000003,0.19169913999999985
2025-07-17 00:00:00+00:00,0.00030000000000000003,0.19199913999999985
2025-07-18 00:00:00+00:00,0.00030000000000000003,0.19229913999999984
2025-07-19 00:00:00+00:00,0.00030000000000000003,0.19259913999999984
2025-07-20 00:00:00+00:00,0.00030000000000000003,0.19289913999999983
2025-07-21 00:00:00+00:00,0.00030000000000000003,0.19319913999999982
2025-07-22 00:00:00+00:00,0.00030000000000000003,0.19349913999999982
2025-07-23 00:00:00+00:00,0.00030000000000000003,0.19379913999999981
2025-07-24 00:00:00+00:00,0.00030000000000000003,0.1940991399999998
2025-07-25 00:00:00+00:00,0.00030000000000000003,0.1943991399999998
2025-07-26 00:00:00+00:00,0.00030000000000000003,0.1946991399999998
2025-07-27 00:00:00+00:00,0.00030000000000000003,0.1949991399999998
2025-07-28 00:00:00+00:00,0.00030000000000000003,0.1952991399999998
2025-07-29 00:00:00+00:00,0.00030000000000000003,0.19559913999999978
2025-07-30 00:00:00+00:00,0.00030000000000000003,0.19589913999999978
2025-07-31 00:00:00+00:00,0.00025694,0.1961560799999998
2025-08-01 00:00:00+00:00,5.8219999999999995e-05,0.19621429999999979
2025-08-02 00:00:00+00:00,0.00010140999999999999,0.19631570999999978
2025-08-03 00:00:00+00:00,0.0001767,0.19649240999999978
2025-08-04 00:00:00+00:00,0.00013819,0.1966305999999998
2025-08-05 00:00:00+00:00,0.00020474000000000002,0.1968353399999998
2025-08-06 00:00:00+00:00,0.00022735000000000002,0.1970626899999998
2025-08-07 00:00:00+00:00,0.00018691999999999998,0.1972496099999998
2025-08-08 00:00:00+00:00,0.00012104999999999999,0.1973706599999998
2025-08-09 00:00:00+00:00,0.00023073,0.19760138999999982
2025-08-10 00:00:00+00:00,0.00029849,0.19789987999999983
2025-08-11 00:00:00+00:00,0.00030000000000000003,0.19819987999999983
2025-08-12 00:00:00+00:00,0.00026531,0.19846518999999982
2025-08-13 00:00:00+00:00,0.00027123,0.19873641999999983
2025-08-14 00:00:00+00:00,0.00030000000000000003,0.19903641999999983
2025-08-15 00:00:00+00:00,0.00013651,0.19917292999999983
2025-08-16 00:00:00+00:00,0.00026141,0.19943433999999982
2025-08-17 00:00:00+00:00,0.00014748,0.19958181999999983
2025-08-18 00:00:00+00:00,7.46e-05,0.19965641999999983
2025-08-19 00:00:00+00:00,0.00016565999999999998,0.19982207999999985
2025-08-20 00:00:00+00:00,0.00010842999999999999,0.19993050999999984
2025-08-21 00:00:00+00:00,0.00016314,0.20009364999999985
2025-08-22 00:00:00+00:00,0.00023163,0.20032527999999986
2025-08-23 00:00:00+00:00,0.00029711,0.20062238999999985
2025-08-24 00:00:00+00:00,0.00030000000000000003,0.20092238999999984
2025-08-25 00:00:00+00:00,0.00028344000000000004,0.20120582999999984
2025-08-26 00:00:00+00:00,0.00018422,0.20139004999999985
2025-08-27 00:00:00+00:00,0.00010800999999999999,0.20149805999999984
2025-08-28 00:00:00+00:00,0.00022501999999999998,0.20172307999999983
2025-08-29 00:00:00+00:00,0.00010761000000000001,0.20183068999999984
2025-08-30 00:00:00+00:00,0.00023544,0.20206612999999984
2025-08-31 00:00:00+00:00,0.00013517,0.20220129999999983
2025-09-01 00:00:00+00:00,0.00019622999999999998,0.20239752999999983
2025-09-02 00:00:00+00:00,0.00022107,0.20261859999999982
2025-09-03 00:00:00+00:00,8.238000000000001e-05,0.2027009799999998
2025-09-04 00:00:00+00:00,0.00014134,0.2028423199999998
2025-09-05 00:00:00+00:00,0.00025404000000000003,0.2030963599999998
2025-09-06 00:00:00+00:00,0.00012067,0.2032170299999998
2025-09-07 00:00:00+00:00,0.00012550000000000001,0.2033425299999998
2025-09-08 00:00:00+00:00,0.00023397,0.2035764999999998
2025-09-09 00:00:00+00:00,0.00023799000000000002,0.2038144899999998
2025-09-10 00:00:00+00:00,0.00020831000000000002,0.20402279999999978
2025-09-11 00:00:00+00:00,0.00013452,0.20415731999999978
2025-09-12 00:00:00+00:00,0.00016796,0.20432527999999978
2025-09-13 00:00:00+00:00,3.834e-05,0.20436361999999977
2025-09-14 00:00:00+00:00,0.00016077,0.20452438999999978
2025-09-15 00:00:00+00:00,0.00022655,0.20475093999999977
2025-09-16 00:00:00+00:00,0.0001446,0.20489553999999977
2025-09-17 00:00:00+00:00,0.00021716,0.20511269999999976
2025-09-18 00:00:00+00:00,0.00018077,0.20529346999999976
2025-09-19 00:00:00+00:00,7.141999999999999e-05,0.20536488999999974
2025-09-20 00:00:00+00:00,2.724e-05,0.20539212999999976
2025-09-21 00:00:00+00:00,9.829999999999996e-06,0.20540195999999974
2025-09-22 00:00:00+00:00,0.00013246,0.20553441999999975
2025-09-23 00:00:00+00:00,0.00021622999999999998,0.20575064999999976
2025-09-24 00:00:00+00:00,0.00016947000000000002,0.20592011999999976
2025-09-25 00:00:00+00:00,0.00011070000000000001,0.20603081999999975
2025-09-26 00:00:00+00:00,0.00015219000000000002,0.20618300999999975
2025-09-27 00:00:00+00:00,0.00011235999999999999,0.20629536999999976
2025-09-28 00:00:00+00:00,0.00013550999999999998,0.20643087999999976
2025-09-29 00:00:00+00:00,3.6479999999999996e-05,0.20646735999999977
2025-09-30 00:00:00+00:00,0.0001083,0.20657565999999977
2025-10-01 00:00:00+00:00,0.00016812,0.20674377999999977
2025-10-02 00:00:00+00:00,0.00027327,0.20701704999999976
2025-10-03 00:00:00+00:00,0.00029926,0.20731630999999975
2025-10-04 00:00:00+00:00,0.00028312,0.20759942999999975
2025-10-05 00:00:00+00:00,0.00028214,0.20788156999999974
2025-10-06 00:00:00+00:00,0.00023211,0.20811367999999975
2025-10-07 00:00:00+00:00,0.00024802,0.20836169999999973
2025-10-08 00:00:00+00:00,0.00017938,0.20854107999999974
2025-10-09 00:00:00+00:00,8.149e-05,0.20862256999999973
2025-10-10 00:00:00+00:00,5.677e-05,0.20867933999999974
2025-10-11 00:00:00+00:00,0.00020467,0.20888400999999973
2025-10-12 00:00:00+00:00,-0.00011104999999999999,0.20877295999999973
2025-10-13 00:00:00+00:00,-3.7279999999999995e-05,0.20873567999999973
2025-10-14 00:00:00+00:00,-7.827e-05,0.20865740999999974
2025-10-15 00:00:00+00:00,-1.2269999999999996e-05,0.20864513999999973
2025-10-16 00:00:00+00:00,-7.975e-05,0.20856538999999974
2025-10-17 00:00:00+00:00,-1.21e-05,0.20855328999999975
2025-10-18 00:00:00+00:00,-0.00014876,0.20840452999999975
2025-10-19 00:00:00+00:00,2.8879999999999998e-05,0.20843340999999976
2025-10-20 00:00:00+00:00,-2.8800000000000002e-05,0.20840460999999977
2025-10-21 00:00:00+00:00,-5.851e-05,0.20834609999999976
2025-10-22 00:00:00+00:00,3.9349999999999994e-05,0.20838544999999975
2025-10-23 00:00:00+00:00,0.00015517,0.20854061999999976
2025-10-24 00:00:00+00:00,8.398e-05,0.20862459999999977
2025-10-25 00:00:00+00:00,0.00012074,0.20874533999999978
2025-10-26 00:00:00+00:00,9.342000000000001e-05,0.2088387599999998
2025-10-27 00:00:00+00:00,0.00027304,0.2091117999999998
2025-10-28 00:00:00+00:00,0.00016857,0.2092803699999998
2025-10-29 00:00:00+00:00,8.559e-05,0.2093659599999998
2025-10-30 00:00:00+00:00,8.108e-05,0.2094470399999998
2025-10-31 00:00:00+00:00,0.00020213000000000002,0.2096491699999998
2025-11-01 00:00:00+00:00,0.00029782,0.2099469899999998
2025-11-02 00:00:00+00:00,0.00021985,0.2101668399999998
2025-11-03 00:00:00+00:00,0.0001828,0.2103496399999998
2025-11-04 00:00:00+00:00,0.00022147,0.2105711099999998
2025-11-05 00:00:00+00:00,0.00012779,0.2106988999999998
2025-11-06 00:00:00+00:00,0.00016395,0.2108628499999998
2025-11-07 00:00:00+00:00,0.00017563,0.2110384799999998
2025-11-08 00:00:00+00:00,0.00014563,0.21118410999999981
2025-11-09 00:00:00+00:00,0.00011495,0.21129905999999982
2025-11-10 00:00:00+00:00,0.00021204,0.2115110999999998
2025-11-11 00:00:00+00:00,5.8660000000000004e-05,0.2115697599999998
2025-11-12 00:00:00+00:00,8.935e-05,0.2116591099999998
2025-11-13 00:00:00+00:00,0.00017877000000000002,0.21183787999999978
2025-11-14 00:00:00+00:00,0.00026773,0.21210560999999978
2025-11-15 00:00:00+00:00,0.00024430000000000003,0.21234990999999978
2025-11-16 00:00:00+00:00,0.00024805,0.21259795999999978
2025-11-17 00:00:00+00:00,0.00026776,0.2128657199999998
2025-11-18 00:00:00+00:00,0.00023725,0.21310296999999978
2025-11-19 00:00:00+00:00,0.00016488,0.2132678499999998
2025-11-20 00:00:00+00:00,0.00023258,0.2135004299999998
2025-11-21 00:00:00+00:00,0.00011438,0.2136148099999998
2025-11-22 00:00:00+00:00,0.00013165,0.2137464599999998
2025-11-23 00:00:00+00:00,3.0720000000000004e-05,0.21377717999999982
2025-11-24 00:00:00+00:00,4.904e-05,0.21382621999999982
2025-11-25 00:00:00+00:00,-6.313e-05,0.21376308999999982
2025-11-26 00:00:00+00:00,9.007e-05,0.21385315999999982
2025-11-27 00:00:00+00:00,4.433e-05,0.21389748999999983
2025-11-28 00:00:00+00:00,6.075e-05,0.21395823999999983
2025-11-29 00:00:00+00:00,2.431e-05,0.21398254999999983
2025-11-30 00:00:00+00:00,0.00013518,0.21411772999999984
2025-12-01 00:00:00+00:00,8.237e-05,0.21420009999999984
2025-12-02 00:00:00+00:00,5.633e-05,0.21425642999999983
2025-12-03 00:00:00+00:00,1.589e-05,0.21427231999999982
2025-12-04 00:00:00+00:00,0.00010968,0.21438199999999982
2025-12-05 00:00:00+00:00,0.00010172,0.21448371999999982
2025-12-06 00:00:00+00:00,3.79e-05,0.21452161999999983
2025-12-07 00:00:00+00:00,0.00011070000000000001,0.21463231999999982
2025-12-08 00:00:00+00:00,9.401e-05,0.21472632999999983
2025-12-09 00:00:00+00:00,0.00012674,0.2148530699999998
2025-12-10 00:00:00+00:00,7.978e-05,0.21493284999999981
2025-12-11 00:00:00+00:00,7.113e-05,0.21500397999999982
2025-12-12 00:00:00+00:00,0.00014995,0.21515392999999983
2025-12-13 00:00:00+00:00,0.00012182,0.21527574999999982
2025-12-14 00:00:00+00:00,0.00016671,0.2154424599999998
2025-12-15 00:00:00+00:00,2.378e-05,0.2154662399999998
2025-12-16 00:00:00+00:00,0.00012906000000000001,0.2155952999999998
2025-12-17 00:00:00+00:00,0.00021125,0.2158065499999998
2025-12-18 00:00:00+00:00,0.00013717999999999998,0.21594372999999978
2025-12-19 00:00:00+00:00,0.00025491,0.21619863999999978
2025-12-20 00:00:00+00:00,0.00018405,0.21638268999999977
2025-12-21 00:00:00+00:00,0.00022532,0.21660800999999977
2025-12-22 00:00:00+00:00,0.00015567,0.21676367999999976
2025-12-23 00:00:00+00:00,9.659e-05,0.21686026999999977
2025-12-24 00:00:00+00:00,0.00024382,0.21710408999999978
2025-12-25 00:00:00+00:00,0.00022228,0.21732636999999977
2025-12-26 00:00:00+00:00,0.00019805000000000002,0.21752441999999977
2025-12-27 00:00:00+00:00,0.00010447000000000001,0.21762888999999977
2025-12-28 00:00:00+00:00,0.00017382999999999998,0.21780271999999978
2025-12-29 00:00:00+00:00,0.00024826000000000004,0.21805097999999978
2025-12-30 00:00:00+00:00,0.00022958,0.2182805599999998
2025-12-31 00:00:00+00:00,8.125e-05,0.2183618099999998
2026-01-01 00:00:00+00:00,0.00021711,0.2185789199999998
2026-01-02 00:00:00+00:00,0.0001464,0.21872531999999978
2026-01-03 00:00:00+00:00,0.00011103,0.2188363499999998
2026-01-04 00:00:00+00:00,0.00019737,0.2190337199999998
2026-01-05 00:00:00+00:00,0.00021846000000000002,0.2192521799999998
2026-01-06 00:00:00+00:00,4.131e-05,0.21929348999999979
2026-01-07 00:00:00+00:00,0.00019467,0.2194881599999998
2026-01-08 00:00:00+00:00,0.00025129,0.21973944999999978
2026-01-09 00:00:00+00:00,4.663e-05,0.21978607999999977
2026-01-10 00:00:00+00:00,0.00019535,0.21998142999999978
2026-01-11 00:00:00+00:00,0.00015081,0.22013223999999978
2026-01-12 00:00:00+00:00,9.365e-05,0.22022588999999979
2026-01-13 00:00:00+00:00,0.00015528,0.2203811699999998
2026-01-14 00:00:00+00:00,6.702e-05,0.2204481899999998
2026-01-15 00:00:00+00:00,2.908e-05,0.22047726999999978
2026-01-16 00:00:00+00:00,0.00017172,0.22064898999999977
2026-01-17 00:00:00+00:00,5.805e-05,0.22070703999999977
2026-01-18 00:00:00+00:00,0.00019690000000000002,0.22090393999999977
2026-01-19 00:00:00+00:00,7.91e-05,0.22098303999999977
2026-01-20 00:00:00+00:00,0.00022097,0.22120400999999976
2026-01-21 00:00:00+00:00,0.00018465000000000002,0.22138865999999977
2026-01-22 00:00:00+00:00,0.00020884,0.22159749999999975
2026-01-23 00:00:00+00:00,0.00015448,0.22175197999999977
2026-01-24 00:00:00+00:00,0.00014341,0.22189538999999978
2026-01-25 00:00:00+00:00,0.00014303999999999999,0.2220384299999998
2026-01-26 00:00:00+00:00,0.0001252,0.22216362999999978
2026-01-27 00:00:00+00:00,0.00017798,0.22234160999999977
2026-01-28 00:00:00+00:00,0.00016241,0.22250401999999977
2026-01-29 00:00:00+00:00,0.00017089,0.22267490999999978
2026-01-30 00:00:00+00:00,6.502e-05,0.22273992999999978
2026-01-31 00:00:00+00:00,0.00019826,0.2229381899999998
2026-02-01 00:00:00+00:00,1.8760000000000003e-05,0.2229569499999998
2026-02-02 00:00:00+00:00,-8.688e-05,0.22287006999999978
2026-02-03 00:00:00+00:00,-4.230000000000001e-06,0.2228658399999998
2026-02-04 00:00:00+00:00,8.287999999999999e-05,0.2229487199999998
2026-02-05 00:00:00+00:00,4.5140000000000005e-05,0.2229938599999998
2026-02-06 00:00:00+00:00,-0.00028763,0.22270622999999978
2026-02-07 00:00:00+00:00,-0.00026410999999999996,0.22244211999999977
2026-02-08 00:00:00+00:00,-0.00011813000000000001,0.22232398999999978
2026-02-09 00:00:00+00:00,-5.513000000000001e-05,0.2222688599999998
2026-02-10 00:00:00+00:00,-0.00022443,0.2220444299999998
2026-02-11 00:00:00+00:00,-8.186e-05,0.2219625699999998
2026-02-12 00:00:00+00:00,3.900000000000003e-06,0.2219664699999998
2026-02-13 00:00:00+00:00,5.276e-05,0.22201922999999982
2026-02-14 00:00:00+00:00,1.3709999999999996e-05,0.22203293999999982
2026-02-15 00:00:00+00:00,1.225e-05,0.2220451899999998
2026-02-16 00:00:00+00:00,-4.73e-05,0.2219978899999998
2026-02-17 00:00:00+00:00,0.00013632,0.2221342099999998
2026-02-18 00:00:00+00:00,6.678000000000001e-05,0.2222009899999998
2026-02-19 00:00:00+00:00,-4.3799999999999994e-05,0.22215718999999978
2026-02-20 00:00:00+00:00,5.996e-05,0.22221714999999978
2026-02-21 00:00:00+00:00,0.00010176,0.2223189099999998
2026-02-22 00:00:00+00:00,5.744e-05,0.22237634999999978
2026-02-23 00:00:00+00:00,-1.200000000000002e-06,0.22237514999999977
2026-02-24 00:00:00+00:00,4.331e-05,0.22241845999999976
2026-02-25 00:00:00+00:00,1.4400000000000001e-05,0.22243285999999976
2026-02-26 00:00:00+00:00,8.810000000000005e-06,0.22244166999999976
2026-02-27 00:00:00+00:00,-9.770000000000002e-05,0.22234396999999975
2026-02-28 00:00:00+00:00,-3.991e-05,0.22230405999999975
2026-03-01 00:00:00+00:00,6.823e-05,0.22237228999999975
2026-03-02 00:00:00+00:00,-3.3379999999999996e-05,0.22233890999999975
2026-03-03 00:00:00+00:00,2.7320000000000003e-05,0.22236622999999975
2026-03-04 00:00:00+00:00,1.8129999999999994e-05,0.22238435999999975
2026-03-05 00:00:00+00:00,8.706e-05,0.22247141999999975
2026-03-06 00:00:00+00:00,-3.548e-05,0.22243593999999975
2026-03-07 00:00:00+00:00,-7.299999999999947e-07,0.22243520999999974
2026-03-08 00:00:00+00:00,-8.479e-05,0.22235041999999974
2026-03-09 00:00:00+00:00,-0.0001378,0.22221261999999975
2026-03-10 00:00:00+00:00,5.739999999999999e-06,0.22221835999999975
2026-03-11 00:00:00+00:00,-0.00022128,0.22199707999999976
2026-03-12 00:00:00+00:00,-0.00020575,0.22179132999999976
2026-03-13 00:00:00+00:00,8.359999999999998e-06,0.22179968999999977
2026-03-14 00:00:00+00:00,-9.218e-05,0.22170750999999977
2026-03-15 00:00:00+00:00,-5.685000000000001e-05,0.22165065999999978
2026-03-16 00:00:00+00:00,0.00011667,0.2217673299999998
2026-03-17 00:00:00+00:00,-3.524e-05,0.2217320899999998
2026-03-18 00:00:00+00:00,-8.964e-05,0.2216424499999998
2026-03-19 00:00:00+00:00,-2.781e-05,0.2216146399999998
2026-03-20 00:00:00+00:00,1.155e-05,0.2216261899999998
2026-03-21 00:00:00+00:00,-1.138e-05,0.2216148099999998
2026-03-22 00:00:00+00:00,-0.00010455999999999999,0.2215102499999998
2026-03-23 00:00:00+00:00,-4.782e-05,0.2214624299999998
2026-03-24 00:00:00+00:00,0.00010960000000000001,0.22157202999999978
2026-03-25 00:00:00+00:00,8.104999999999999e-05,0.22165307999999978
2026-03-26 00:00:00+00:00,1.7239999999999998e-05,0.22167031999999978
2026-03-27 00:00:00+00:00,-9.214e-05,0.2215781799999998
2026-03-28 00:00:00+00:00,-0.00015865,0.22141952999999978
2026-03-29 00:00:00+00:00,-1.015e-05,0.2214093799999998
2026-03-30 00:00:00+00:00,1.55e-05,0.2214248799999998
2026-03-31 00:00:00+00:00,-4.568e-05,0.2213791999999998
2026-04-01 00:00:00+00:00,-3.3329999999999994e-05,0.2213458699999998
2026-04-02 00:00:00+00:00,-3.0320000000000008e-05,0.2213155499999998
2026-04-03 00:00:00+00:00,-1.079e-05,0.2213047599999998
2026-04-04 00:00:00+00:00,9.527e-05,0.2214000299999998
2026-04-05 00:00:00+00:00,8.108e-05,0.22148110999999981
2026-04-06 00:00:00+00:00,0.0001304,0.22161150999999982
2026-04-07 00:00:00+00:00,0.00010781000000000001,0.22171931999999983
2026-04-08 00:00:00+00:00,0.00011631,0.22183562999999984
2026-04-09 00:00:00+00:00,3.1060000000000004e-05,0.22186668999999984
2026-04-10 00:00:00+00:00,6.819999999999999e-06,0.22187350999999983
2026-04-11 00:00:00+00:00,-0.00020062999999999998,0.22167287999999982
2026-04-12 00:00:00+00:00,-0.00012133,0.22155154999999982
2026-04-13 00:00:00+00:00,-5.826e-05,0.22149328999999982
2026-04-14 00:00:00+00:00,-8.355999999999999e-05,0.2214097299999998
2026-04-15 00:00:00+00:00,-0.00021548999999999998,0.2211942399999998
2026-04-16 00:00:00+00:00,-8.484000000000001e-05,0.2211093999999998
2026-04-17 00:00:00+00:00,-4.711e-05,0.2210622899999998
2026-04-18 00:00:00+00:00,-0.00019766,0.2208646299999998
2026-04-19 00:00:00+00:00,-0.0002789,0.2205857299999998
2026-04-20 00:00:00+00:00,-0.00012137999999999999,0.2204643499999998
2026-04-21 00:00:00+00:00,-0.00018003,0.2202843199999998
2026-04-22 00:00:00+00:00,5.739999999999997e-06,0.22029005999999982
2026-04-23 00:00:00+00:00,-0.00018119,0.22010886999999982
2026-04-24 00:00:00+00:00,-0.00014846,0.21996040999999983
2026-04-25 00:00:00+00:00,-0.00013011,0.21983029999999984
2026-04-26 00:00:00+00:00,5.8899999999999995e-06,0.21983618999999985
2026-04-27 00:00:00+00:00,-0.00014088,0.21969530999999984
2026-04-28 00:00:00+00:00,-1.9129999999999995e-05,0.21967617999999983
2026-04-29 00:00:00+00:00,2.036e-05,0.21969653999999983
2026-04-30 00:00:00+00:00,-8.961e-05,0.21960692999999984
2026-05-01 00:00:00+00:00,-8.699e-05,0.21951993999999983
2026-05-02 00:00:00+00:00,-8.465e-05,0.21943528999999984
2026-05-03 00:00:00+00:00,1.595e-05,0.21945123999999983
2026-05-04 00:00:00+00:00,9.859999999999997e-06,0.21946109999999983
2026-05-05 00:00:00+00:00,-0.00013249,0.2193286099999998
2026-05-06 00:00:00+00:00,-0.00019059,0.21913801999999982
2026-05-07 00:00:00+00:00,-0.00013438,0.21900363999999983
2026-05-08 00:00:00+00:00,-6.533e-05,0.21893830999999983
2026-05-09 00:00:00+00:00,1.6939999999999997e-05,0.21895524999999982
2026-05-10 00:00:00+00:00,0.0001048,0.2190600499999998
2026-05-11 00:00:00+00:00,0.00012945,0.21918949999999982
2026-05-12 00:00:00+00:00,9.584e-05,0.21928533999999983
2026-05-13 00:00:00+00:00,0.00012553,0.21941086999999984
2026-05-14 00:00:00+00:00,0.00010949999999999999,0.21952036999999985
2026-05-15 00:00:00+00:00,-4.5839999999999995e-05,0.21947452999999986
2026-05-16 00:00:00+00:00,8.683000000000001e-05,0.21956135999999987
2026-05-17 00:00:00+00:00,5.261e-05,0.21961396999999988
2026-05-18 00:00:00+00:00,0.00011825,0.21973221999999987
2026-05-19 00:00:00+00:00,0.00015536,0.21988757999999986
2026-05-20 00:00:00+00:00,0.00018094999999999998,0.22006852999999987
2026-05-21 00:00:00+00:00,0.00012058,0.22018910999999988
2026-05-22 00:00:00+00:00,5.635e-05,0.2202454599999999
2026-05-23 00:00:00+00:00,0.00010249,0.2203479499999999
2026-05-24 00:00:00+00:00,0.00021599,0.2205639399999999
2026-05-25 00:00:00+00:00,0.00011501999999999999,0.2206789599999999
2026-05-26 00:00:00+00:00,0.00017686,0.2208558199999999
2026-05-27 00:00:00+00:00,0.00028862,0.2211444399999999
2026-05-28 00:00:00+00:00,0.00025011,0.22139454999999988
2026-05-29 00:00:00+00:00,0.00022093000000000001,0.2216154799999999
2026-05-30 00:00:00+00:00,0.0001441,0.2217595799999999
2026-05-31 00:00:00+00:00,0.00016083,0.2219204099999999
2026-06-01 00:00:00+00:00,0.00020141,0.22212181999999991
2026-06-02 00:00:00+00:00,0.00024335,0.22236516999999992
2026-06-03 00:00:00+00:00,0.00022394,0.22258910999999992
2026-06-04 00:00:00+00:00,3.147e-05,0.22262057999999993
2026-06-05 00:00:00+00:00,-9.790000000000001e-06,0.22261078999999992
2026-06-06 00:00:00+00:00,9.299999999999999e-06,0.2226200899999999
2026-06-07 00:00:00+00:00,3.209999999999998e-06,0.2226232999999999
2026-06-08 00:00:00+00:00,7.109e-05,0.2226943899999999
2026-06-09 00:00:00+00:00,2.0819999999999997e-05,0.2227152099999999
2026-06-10 00:00:00+00:00,-4.780000000000002e-06,0.2227104299999999
2026-06-11 00:00:00+00:00,-8.11e-06,0.2227023199999999
